course,moodleCourseId,coursePage,outlineStatus,outlineTargetFilename,outlineUrl,bookCount,bookIds,bookChapterLinkCounts,notes
SBI3U,89,https://www.esunnybrook.com/course/view.php?id=89,ready,SBI3U_Course_Outline.docx,https://www.esunnybrook.com/pluginfile.php/10065/mod_assign/introattachment/0/SBI3U-Course-Oultine-v3.0.docx?forcedownload=1,5,9643;9672;9704;9735;9754,9643:65;9672:90;9704:80;9735:35;9754:35,Full current course shell visible.
SCH4U,82,https://www.esunnybrook.com/course/view.php?id=82,ready,SCH4U_Course_Outline.docx,https://www.esunnybrook.com/pluginfile.php/8956/mod_assign/introattachment/0/SCH4U-Course-Oultine.docx?forcedownload=1,5,8738;8780;8820;8860;8891,8738:55;8780:50;8820:50;8860:35;8891:40,Full current course shell visible.
SCH3U,81,https://www.esunnybrook.com/course/view.php?id=81,ready,SCH3U_Course_Outline.docx,https://www.esunnybrook.com/pluginfile.php/8818/mod_assign/introattachment/0/SCH3U-Course-Outline-v2.0.docx?forcedownload=1,5,8602;8630;8649;8678;8705,8602:45;8630:25;8649:50;8678:45;8705:40,Full current course shell visible.
ESLDO,74,https://www.esunnybrook.com/course/view.php?id=74,ready,ESLDO_Course_Outline.docx,https://www.esunnybrook.com/pluginfile.php/7957/mod_assign/introattachment/0/ESLDO-Course-Outline-v2.docx?forcedownload=1,4,7755;7777;7800;7822,7755:50;7777:30;7800:55;7822:55,Full current course shell visible.
SPH3U,83,https://www.esunnybrook.com/course/view.php?id=83,ready,SPH3U_Course_Outline.docx,https://www.esunnybrook.com/pluginfile.php/9151/mod_assign/introattachment/0/SPH3U-Course-Outline.docx?forcedownload=1,5,8931;8951;8971;8992;9013,8931:35;8951:35;8971:35;8992:35;9013:40,Full current course shell visible.
MHF4U,79,https://www.esunnybrook.com/course/view.php?id=79,ready,MHF4U_Course_Outline.docx,https://www.esunnybrook.com/pluginfile.php/8548/mod_assign/introattachment/0/MHF4U-Course-Outline-v2.1%28revised%29.docx?forcedownload=1,4,8336;8362;8393;8415,8336:45;8362:55;8393:40;8415:35,Full current course shell visible.
SPH4U,84,https://www.esunnybrook.com/course/view.php?id=84,ready,SPH4U_Course_Outline.docx,https://www.esunnybrook.com/pluginfile.php/9263/mod_assign/introattachment/0/SPH4U-Course-Outline.docx?forcedownload=1,5,9041;9070;9096;9126;9150,9041:35;9070:30;9096:35;9126:25;9150:40,Course outline URL was found through the assignment page; no file hint appeared on the course landing page.
BOH4M,71,https://www.esunnybrook.com/course/view.php?id=71,ready,BOH4M_Course_Outline.docx,https://www.esunnybrook.com/pluginfile.php/7576/mod_assign/introattachment/0/BOH4M-Course-Outline.docx?forcedownload=1,5,7380;7403;7427;7447;7481,7380:35;7403:35;7427:25;7447:45;7481:20,Full current course shell visible.
BBB4M,70,https://www.esunnybrook.com/course/view.php?id=70,ready,BBB4M_Course_Outline.docx,https://www.esunnybrook.com/pluginfile.php/7438/mod_assign/introattachment/0/BBB4M-Course-Oultine.docx?forcedownload=1,4,7244;7265;7289;7314,7244:35;7265:40;7289:40;7314:35,Full current course shell visible.
HFA4U,91,https://www.esunnybrook.com/course/view.php?id=91,needs-url,HFA4U_Course_Outline.docx,,1,9805,9805:50,"Visible Moodle shell appears incomplete: only Introduction, Course Overview, Unit One, and 3 lessons/assignments. No visible Course Outline attachment."
MPM2D,80,https://www.esunnybrook.com/course/view.php?id=80,ready,MPM2D_Course_Outline.docx,https://www.esunnybrook.com/pluginfile.php/8688/mod_assign/introattachment/0/MPM2D-Course-Outline.docx?forcedownload=1,4,8474;8497;8520;8545,8474:35;8497:35;8520:40;8545:35,Full current course shell visible.
ESLEO,75,https://www.esunnybrook.com/course/view.php?id=75,ready,ESLEO_Course_Outline.docx,https://www.esunnybrook.com/pluginfile.php/8095/mod_assign/introattachment/0/ESLEO-Course-Oultine.docx?forcedownload=1,4,7891;7914;7938;7960,7891:35;7914:40;7938:35;7960:30,Course outline URL was found through the assignment page; no file hint appeared on the course landing page.
SBI4U,88,https://www.esunnybrook.com/course/view.php?id=88,ready,SBI4U_Course_Outline.docx,https://www.esunnybrook.com/pluginfile.php/9927/mod_assign/introattachment/0/SBI4U-Course-Oultine-v3.0.docx?forcedownload=1,5,9506;9527;9549;9566;9589,9506:30;9527:30;9549:20;9566:35;9589:20,Full current course shell visible.
ICS3U,87,https://www.esunnybrook.com/course/view.php?id=87,ready,ICS3U_Course_Outline.docx,https://www.esunnybrook.com/pluginfile.php/9676/mod_assign/introattachment/0/ICS3U-Course-Outline.docx?forcedownload=1,4,9393;9420;9446;9466,9393:35;9420:35;9446:35;9466:30,Full current course shell visible.
MCR3U,76,https://www.esunnybrook.com/course/view.php?id=76,ready,MCR3U_Course_Outline.docx,https://www.esunnybrook.com/pluginfile.php/8222/mod_assign/introattachment/0/MCR3U-Course-Outline-2.0.docx?forcedownload=1,4,8016;8043;8064;8085,8016:44;8043:30;8064:30;8085:30,Full current course shell visible.
ENG4U,72,https://www.esunnybrook.com/course/view.php?id=72,ready,ENG4U_Course_Outline.docx,https://www.esunnybrook.com/pluginfile.php/7734/mod_assign/introattachment/0/ENG4U-Course-Oultine-v2.0.docx?forcedownload=1,4,7536;7561;7583;7603,7536:40;7561:31;7583:30;7603:30,Course outline URL was found through the assignment page; no file hint appeared on the course landing page.
CGW4U,,https://www.esunnybrook.com/course/search.php?search=CGW4U,needs-url,CGW4U_Course_Outline.docx,,0,,,Moodle searches plus category scan across categories 1-13 did not show a visible CGW4U course page.
MDM4U,78,https://www.esunnybrook.com/course/view.php?id=78,ready,MDM4U_Course_Outline.docx,https://www.esunnybrook.com/pluginfile.php/8408/mod_assign/introattachment/0/MDM4U-Course-Outline-v1.0.docx?forcedownload=1,5,8198;8222;8241;8262;8282,8198:35;8222:25;8241:30;8262:30;8282:25,Course outline URL was found through the assignment page; no file hint appeared on the course landing page.
MCV4U,77,https://www.esunnybrook.com/course/view.php?id=77,ready,MCV4U_Course_Outline.docx,https://www.esunnybrook.com/pluginfile.php/8319/mod_assign/introattachment/0/MCV4U-Course-Outline.docx?forcedownload=1,3,8111;8141;8165,8111:35;8141:25;8165:30,Full current course shell visible.
ENG3U,86,https://www.esunnybrook.com/course/view.php?id=86,ready,ENG3U_Course_Outline.docx,https://www.esunnybrook.com/pluginfile.php/9475/mod_assign/introattachment/0/ENG3U-Course-Oultine-v2.0.docx?forcedownload=1,5,9244;9267;9292;9317;9340,9244:2;9267:2;9292:2;9317:2;9340:2,"Current ENG3U shell visible; course outline and Moodle Book containers found, but chapter titles are not standard numbered lesson labels in this crawl."
CHC2D,42,https://www.esunnybrook.com/course/view.php?id=42,ready,CHC2D_Course_Outline.docx,https://www.esunnybrook.com/mod/resource/view.php?id=4257,0,,,"Visible Moodle shell found, but no standard Course Outline attachment or Moodle Book container was exposed in this scan. Found Course Outline link during authenticated rescan."
CHV2O,41,https://www.esunnybrook.com/course/view.php?id=41,ready,CHV2O_Course_Outline.docx,https://www.esunnybrook.com/pluginfile.php/4292/mod_assign/introattachment/0/CHV20-Curriculum-outline.docx?forcedownload=1,0,,,Visible Moodle shell found; Course Outline and Success Criteria attachment exposed as CHV20-Curriculum-outline.docx.
GLC2O,53,https://www.esunnybrook.com/course/view.php?id=53,ready,GLC2O_Course_Outline.docx,https://www.esunnybrook.com/pluginfile.php/5450/mod_assign/introattachment/0/GLC2-Course-Outline-and-Success-Criteria.docx?forcedownload=1,0,,,Visible Moodle shell found; Course Outline and Success Criteria attachment exposed as GLC2-Course-Outline-and-Success-Criteria.docx.
HFC3M,56,https://www.esunnybrook.com/course/view.php?id=56,ready,HFC3M_Course_Outline.docx,https://www.esunnybrook.com/mod/resource/view.php?id=5646,0,,,"Visible Moodle shell found, but no standard Course Outline attachment or Moodle Book container was exposed in this scan. Found Course Outline link during authenticated rescan."
HHS4U,54,https://www.esunnybrook.com/course/view.php?id=54,ready,HHS4U_Course_Outline.docx,https://www.esunnybrook.com/mod/resource/view.php?id=5415,0,,,"Visible Moodle shell found, but no standard Course Outline attachment or Moodle Book container was exposed in this scan. Found Course Outline link during authenticated rescan."
LKBDU,45,https://www.esunnybrook.com/course/view.php?id=45,ready,LKBDU_Course_Outline.docx,https://www.esunnybrook.com/mod/resource/view.php?id=4578,0,,,"Visible Moodle shell found, but no standard Course Outline attachment or Moodle Book container was exposed in this scan. Found Course Outline link during authenticated rescan."
BBI1O,30,https://www.esunnybrook.com/course/view.php?id=30,ready,BBI1O_Course_Outline.docx,https://www.esunnybrook.com/mod/resource/view.php?id=3284,0,,,"Visible Moodle shell found, but no standard Course Outline attachment or Moodle Book container was exposed in this scan. Found Course Outline link during authenticated rescan."
SNC2D,67,https://www.esunnybrook.com/course/view.php?id=67,ready,SNC2D_Course_Outline.docx,https://www.esunnybrook.com/pluginfile.php/7171/mod_assign/introattachment/0/SNC2D-COURSE-OUTLINE.docx?forcedownload=1,4,6995;7020;7045;7065,6995:1;7020:1;7045:1;7065:1,Moodle shell visible; Course Outline attachment and 4 generic Lessons Moodle Book containers found.
MAP4C,17,https://www.esunnybrook.com/course/view.php?id=17,ready,MAP4C_Course_Outline.docx,https://www.esunnybrook.com/mod/resource/view.php?id=1450,1,1456,1456:2,"Visible Moodle shell found; textbook Moodle Book container found, but no Course Outline attachment was exposed in this scan. Found Course Outline link during authenticated rescan."
SNC1D,62,https://www.esunnybrook.com/course/view.php?id=62,ready,SNC1D_Course_Outline.docx,https://www.esunnybrook.com/mod/resource/view.php?id=6350,1,6351,6351:2,"Visible Moodle shell found; textbook Moodle Book container found, but no Course Outline attachment was exposed in this scan. Found Course Outline link during authenticated rescan."
ENG2D,8,https://www.esunnybrook.com/course/view.php?id=8,ready,ENG2D_Course_Outline.docx,https://www.esunnybrook.com/mod/resource/view.php?id=376,0,,,Authenticated Moodle shell visible; no Moodle Book containers found; section structure imported.
OLC4O,9,https://www.esunnybrook.com/course/view.php?id=9,ready,OLC4O_Course_Outline.docx,https://www.esunnybrook.com/mod/resource/view.php?id=494,0,,,Authenticated Moodle shell visible; no Moodle Book containers found; section structure imported.
ICS4U,37,https://www.esunnybrook.com/course/view.php?id=37,ready,ICS4U_Course_Outline.docx,https://www.esunnybrook.com/mod/resource/view.php?id=3829,0,,,Authenticated Moodle shell visible; no Moodle Book containers found; section structure imported.
ICS2O,36,https://www.esunnybrook.com/course/view.php?id=36,ready,ICS2O_Course_Outline.docx,https://www.esunnybrook.com/mod/resource/view.php?id=3753,0,,,Authenticated Moodle shell visible; no Moodle Book containers found; section structure imported.
MTH1W,59,https://www.esunnybrook.com/course/view.php?id=59,ready,MTH1W_Course_Outline.docx,https://www.esunnybrook.com/mod/resource/view.php?id=5821,0,,,Authenticated Moodle shell visible; no Moodle Book containers found; section structure imported.
PPL3O,58,https://www.esunnybrook.com/course/view.php?id=58,ready,PPL3O_Course_Outline.docx,https://www.esunnybrook.com/mod/resource/view.php?id=5747,0,,,Authenticated Moodle shell visible; no Moodle Book containers found; section structure imported.
PPL1O,57,https://www.esunnybrook.com/course/view.php?id=57,ready,PPL1O_Course_Outline.docx,https://www.esunnybrook.com/mod/resource/view.php?id=5704,0,,,Authenticated Moodle shell visible; no Moodle Book containers found; section structure imported.
CGC1D,43,https://www.esunnybrook.com/course/view.php?id=43,ready,CGC1D_Course_Outline.docx,https://www.esunnybrook.com/mod/resource/view.php?id=4393,0,,,Authenticated Moodle shell visible; no Moodle Book containers found; section structure imported.
AVI3M,68,https://www.esunnybrook.com/course/view.php?id=68,ready,AVI3M_Course_Outline.docx,https://www.esunnybrook.com/mod/resource/view.php?id=7117,0,,,Authenticated Moodle shell visible; no Moodle Book containers found; section structure imported.
EPS3O,10,https://www.esunnybrook.com/course/view.php?id=10,ready,EPS3O_Course_Outline.docx,https://www.esunnybrook.com/mod/resource/view.php?id=591,0,,,Authenticated Moodle shell visible; no Moodle Book containers found; section structure imported.
ASM3M,66,https://www.esunnybrook.com/course/view.php?id=66,ready,ASM3M_Course_Outline.docx,https://www.esunnybrook.com/mod/assign/view.php?id=6980,0,,,Authenticated Moodle shell visible; no Moodle Book containers found; section structure imported.
AVI1O,5,https://www.esunnybrook.com/course/view.php?id=5,ready,AVI1O_Course_Outline.docx,https://www.esunnybrook.com/mod/resource/view.php?id=74,0,,,Authenticated Moodle shell visible; no Moodle Book containers found; section structure imported.
AVI2O,4,https://www.esunnybrook.com/course/view.php?id=4,ready,AVI2O_Course_Outline.docx,https://www.esunnybrook.com/mod/url/view.php?id=3,0,,,Authenticated Moodle shell visible; no Moodle Book containers found; section structure imported.
MPM1D,19,https://www.esunnybrook.com/course/view.php?id=19,ready,MPM1D_Course_Outline.docx,https://www.esunnybrook.com/mod/url/view.php?id=1686,0,,,Authenticated Moodle shell visible; no Moodle Book containers found; section structure imported.
MBF3C,18,https://www.esunnybrook.com/course/view.php?id=18,ready,MBF3C_Course_Outline.docx,https://www.esunnybrook.com/mod/assign/view.php?id=1598,0,,,Authenticated Moodle shell visible; no Moodle Book containers found; section structure imported.
BBI2O,65,https://www.esunnybrook.com/course/view.php?id=65,ready,BBI2O_Course_Outline.docx,https://www.esunnybrook.com/mod/resource/view.php?id=6867,0,,,Authenticated Moodle shell visible; no Moodle Book containers found; section structure imported.
BAF3M,32,https://www.esunnybrook.com/course/view.php?id=32,ready,BAF3M_Course_Outline.docx,https://www.esunnybrook.com/mod/resource/view.php?id=3372,0,,,Authenticated Moodle shell visible; no Moodle Book containers found; section structure imported.
BTT1O,31,https://www.esunnybrook.com/course/view.php?id=31,needs-url,BTT1O_Course_Outline.docx,,0,,,Authenticated Moodle shell visible; no Course Outline URL exposed; section structure imported.
CIA4U,40,https://www.esunnybrook.com/course/view.php?id=40,ready,CIA4U_Course_Outline.docx,https://www.esunnybrook.com/mod/resource/view.php?id=4102,0,,,Authenticated Moodle shell visible; no Moodle Book containers found; section structure imported.
LKBCU,44,https://www.esunnybrook.com/course/view.php?id=44,ready,LKBCU_Course_Outline.docx,https://www.esunnybrook.com/mod/resource/view.php?id=4496,0,,,Authenticated Moodle shell visible; no Moodle Book containers found; section structure imported.
ESLCO,73,https://www.esunnybrook.com/course/view.php?id=73,ready,ESLCO_Course_Outline.docx,https://www.esunnybrook.com/mod/assign/view.php?id=7650,4,7653;7671;7688;7702,7653:26;7671:31;7688:26;7702:26,Authenticated Moodle shell visible; 4 Moodle Book container(s) found; section structure imported; chapter counts refreshed from authenticated Book TOCs.
ESLBO,49,https://www.esunnybrook.com/course/view.php?id=49,ready,ESLBO_Course_Outline.docx,https://www.esunnybrook.com/course/view.php?id=49#collapseSection-537,0,,,Authenticated Moodle shell visible; no Moodle Book containers found; section structure imported.
ESLAO,48,https://www.esunnybrook.com/course/view.php?id=48,ready,ESLAO_Course_Outline.docx,https://www.esunnybrook.com/course/view.php?id=48#collapseSection-527,0,,,Authenticated Moodle shell visible; no Moodle Book containers found; section structure imported.
HFN1O,55,https://www.esunnybrook.com/course/view.php?id=55,ready,HFN1O_Course_Outline.docx,https://www.esunnybrook.com/mod/resource/view.php?id=5570,0,,,Authenticated Moodle shell visible; no Moodle Book containers found; section structure imported.
